Verb,Tense
আঁক,Root
আঁকা,Base
আঁকাই,Present
আঁকাইও,Present
আঁকাইত,Past
আঁকাইতাম,Past
আঁকাইতিস,Past
আঁকাইতে,Past
আঁকাইতেছ,Present
আঁকাইতেছি,Present
আঁকাইতেছিল,Past
আঁকাইতেছিলাম,Past
আঁকাইতেছিলি,Past
আঁকাইতেছিলে,Past
আঁকাইতেছিলেন,Past
আঁকাইতেছিস,Present
আঁকাইতেছে,Present
আঁকাইতেছেন,Present
আঁকাইতেন,Past
আঁকাইব,Future
আঁকাইবার,Present
আঁকাইবি,Future
আঁকাইবে,Future
আঁকাইবেন,Future
আঁকাইয়া,Participle
আঁকাইয়াছ,Present
আঁকাইয়াছি,Present
আঁকাইয়াছিল,Past
আঁকাইয়াছিলাম,Past
আঁকাইয়াছিলি,Past
আঁকাইয়াছিলে,Past
আঁকাইয়াছিলেন,Past
আঁকাইয়াছিস,Present
আঁকাইয়াছে,Present
আঁকাইয়াছেন,Present
আঁকাইয়ো,Present
আঁকাইল,Past
আঁকাইলাম,Past
আঁকাইলি,Past
আঁকাইলে,Past
আঁকাইলেন,Past
আঁকাও,Present
আঁকাক,Present
আঁকাচ্ছ,Present
আঁকাচ্ছি,Present
আঁকাচ্ছিল,Past
আঁকাচ্ছিলাম,Past
আঁকাচ্ছিলি,Past
আঁকাচ্ছিলুম,Past
আঁকাচ্ছিলে,Past
আঁকাচ্ছিলেন,Past
আঁকাচ্ছিলেম,Past
আঁকাচ্ছিস,Present
আঁকাচ্ছে,Present
আঁকাচ্ছেন,Present
আঁকাত,Past
আঁকাতাম,Past
আঁকাতিস,Past
আঁকাতুম,Past
আঁকাতে,Past
আঁকাতেন,Past
আঁকাতেম,Past
আঁকান,Present
আঁকানো,Present
আঁকাব,Future
আঁকাবার,Present
আঁকাবি,Future
আঁকাবে,Future
আঁকাবেন,Future
আঁকাবো,Future
আঁকায়,Present
আঁকার,Present
আঁকাল,Past
আঁকালাম,Past
আঁকালি,Past
আঁকালুম,Past
আঁকালে,Past
আঁকালেন,Past
আঁকালেম,Past
আঁকাস,Present
আঁকি,Present
আঁকিও,Present
আঁকিত,Past
আঁকিতাম,Past
আঁকিতিস,Past
আঁকিতে,Past
আঁকিতেছ,Present
আঁকিতেছি,Present
আঁকিতেছিল,Past
আঁকিতেছিলাম,Past
আঁকিতেছিলি,Past
আঁকিতেছিলে,Past
আঁকিতেছিলেন,Past
আঁকিতেছিস,Present
আঁকিতেছে,Present
আঁকিতেছেন,Present
আঁকিতেন,Past
আঁকিব,Future
আঁকিবার,Present
আঁকিবি,Future
আঁকিবে,Future
আঁকিবেন,Future
আঁকিয়া,Participle
আঁকিয়াছ,Present
আঁকিয়াছি,Present
আঁকিয়াছিল,Past
আঁকিয়াছিলাম,Past
আঁকিয়াছিলি,Past
আঁকিয়াছিলে,Past
আঁকিয়াছিলেন,Past
আঁকিয়াছিস,Present
আঁকিয়াছে,Present
আঁকিয়াছেন,Present
আঁকিয়ে,Participle
আঁকিয়েছ,Present
আঁকিয়েছি,Present
আঁকিয়েছিল,Past
আঁকিয়েছিলাম,Past
আঁকিয়েছিলি,Past
আঁকিয়েছিলুম,Past
আঁকিয়েছিলে,Past
আঁকিয়েছিলেন,Past
আঁকিয়েছিলেম,Past
আঁকিয়েছিস,Present
আঁকিয়েছে,Present
আঁকিয়েছেন,Present
আঁকিয়ো,Present
আঁকিল,Past
আঁকিলাম,Past
আঁকিলি,Past
আঁকিলে,Past
আঁকিলেন,Past
আঁকিস,Present
আঁকুক,Present
আঁকুন,Present
আঁকে,Present
আঁকেন,Present
আঁকছ,Present
আঁকছি,Present
আঁকছিল,Past
আঁকছিলাম,Past
আঁকছিলি,Past
আঁকছিলুম,Past
আঁকছিলে,Past
আঁকছিলেন,Past
আঁকছিলেম,Past
আঁকছিস,Present
আঁকছে,Present
আঁকছেন,Present
আসা,Base
আসার,Present
আসি,Present
আসিও,Present
আসিত,Past
আসিতাম,Past
আসিতিস,Past
আসিতে,Past
আসিতেছ,Present
আসিতেছি,Present
আসিতেছিল,Past
আসিতেছিলাম,Past
আসিতেছিলি,Past
আসিতেছিলে,Past
আসিতেছিলেন,Past
আসিতেছিস,Present
আসিতেছে,Present
আসিতেছেন,Present
আসিতেন,Past
আসিব,Future
আসিবার,Present
আসিবি,Future
আসিবে,Future
আসিবেন,Future
আসিয়া,Participle
আসিয়াছ,Present
আসিয়াছি,Present
আসিয়াছিল,Past
আসিয়াছিলাম,Past
আসিয়াছিলি,Past
আসিয়াছিলে,Past
আসিয়াছিলেন,Past
আসিয়াছিস,Present
আসিয়াছে,Present
আসিয়াছেন,Present
আসিয়ো,Present
আসিল,Past
আসিলাম,Past
আসিলি,Past
আসিলে,Past
আসিলেন,Past
আসিস,Present
আসুক,Present
আসুন,Present
আসে,Present
আসেন,Present
আসছ,Present
আসছি,Present
আসছিল,Past
আসছিলাম,Past
আসছিলি,Past
আসছিলুম,Past
আসছিলে,Past
আসছিলেন,Past
আসছিলেম,Past
আসছিস,Present
আসছে,Present
আসছেন,Present
আসত,Past
আসতাম,Past
আসতিস,Past
আসতুম,Past
আসতে,Past
আসতেন,Past
আসতেম,Past
আসব,Future
আসবার,Present
আসবি,Future
আসবে,Future
আসবেন,Future
আসবো,Future
আসল,Past
আসলাম,Past
আসলুম,Past
আসলে,Past
আসলেন,Past
আসলেম,Past
উঠ,Root
উঠা,Base
উঠাই,Present
উঠাইও,Present
উঠাইত,Past
উঠাইতাম,Past
উঠাইতিস,Past
উঠাইতে,Past
উঠাইতেছ,Present
উঠাইতেছি,Present
উঠাইতেছিল,Past
উঠাইতেছিলাম,Past
উঠাইতেছিলি,Past
উঠাইতেছিলে,Past
উঠাইতেছিলেন,Past
উঠাইতেছিস,Present
উঠাইতেছে,Present
উঠাইতেছেন,Present
উঠাইতেন,Past
উঠাইব,Future
উঠাইবার,Present
উঠাইবি,Future
উঠাইবে,Future
উঠাইবেন,Future
উঠাইয়া,Participle
উঠাইয়াছ,Present
উঠাইয়াছি,Present
উঠাইয়াছিল,Past
উঠাইয়াছিলাম,Past
উঠাইয়াছিলি,Past
উঠাইয়াছিলে,Past
উঠাইয়াছিলেন,Past
উঠাইয়াছিস,Present
উঠাইয়াছে,Present
উঠাইয়াছেন,Present
উঠাইয়ো,Present
উঠাইল,Past
উঠাইলাম,Past
উঠাইলি,Past
উঠাইলে,Past
উঠাইলেন,Past
উঠাও,Present
উঠাক,Present
উঠায়,Present
উঠাস,Present
উঠই,Present
উঠি,Present
উঠিও,Present
উঠিতাম,Past
উঠিতিস,Past
উঠিতে,Past
উঠিতেছ,Present
উঠিতেছি,Present
উঠিতেছিল,Past
উঠিতেছিলাম,Past
উঠিতেছিলি,Past
উঠিতেছিলে,Past
উঠিতেছিলেন,Past
উঠিতেছিস,Present
উঠিতেছে,Present
উঠিতেছেন,Present
উঠিতেন,Past
উঠিব,Future
উঠিবার,Present
উঠিবি,Future
উঠিবে,Future
উঠিবেন,Future
উঠিয়া,Participle
উঠিয়াছ,Present
উঠিয়াছি,Present
উঠিয়াছিল,Past
উঠিয়াছিলাম,Past
উঠিয়াছিলি,Past
উঠিয়াছিলে,Past
উঠিয়াছিলেন,Past
উঠিয়াছিস,Present
উঠিয়াছে,Present
উঠিয়াছেন,Present
উঠিয়ে,Participle
উঠিয়েছ,Present
উঠিয়েছি,Present
উঠিয়েছিল,Past
উঠিয়েছিলাম,Past
উঠিয়েছিলি,Past
উঠিয়েছিলুম,Past
উঠিয়েছিলে,Past
উঠিয়েছিলেন,Past
উঠিয়েছিলেম,Past
উঠিয়েছিস,Present
উঠিয়েছে,Present
উঠিয়েছেন,Present
উঠিয়ো,Present
উঠিল,Past
উঠিলাম,Past
উঠিলি,Past
উঠিলে,Past
উঠিলেন,Past
উঠিস,Present
উঠুক,Present
উঠুন,Present
উঠে,Present
উঠেছ,Present
উঠেছি,Present
উঠেছিল,Past
উঠেছিলাম,Past
উঠেছিলি,Past
উঠেছিলুম,Past
উঠেছিলে,Past
উঠেছিলেন,Past
উঠেছিলেম,Past
উঠেছিস,Present
উঠেছে,Present
উঠেছেন,Present
উঠেন,Present
উঠেপড়ে,Present
উঠও,Present
উঠো,Present
উঠক,Unknown
উঠচ্ছ,Present
উঠচ্ছি,Present
উঠচ্ছিল,Past
উঠচ্ছিলাম,Past
উঠচ্ছিলি,Past
উঠচ্ছিলুম,Past
উঠচ্ছিলে,Past
উঠচ্ছিলেন,Past
উঠচ্ছিলেম,Past
উঠচ্ছিস,Present
উঠচ্ছে,Present
উঠচ্ছেন,Present
উঠছ,Present
উঠছি,Present
উঠছিল,Past
উঠছিলাম,Past
উঠছিলি,Past
উঠছিলুম,Past
উঠছিলে,Past
উঠছিলেন,Past
উঠছিলেম,Past
উঠছিস,Present
উঠছে,Present
উঠছেন,Present
উঠত,Past
উঠতাম,Past
উঠতিস,Past
উঠতুম,Past
উঠতে,Past
উঠতেন,Past
উঠতেম,Past
উঠনো,Present
উঠব,Future
উঠবার,Present
উঠবি,Future
উঠবে,Future
উঠবেন,Future
উঠবো,Future
উঠয়,Present
উঠল,Past
উঠলাম,Past
উঠলি,Past
উঠলুম,Past
উঠলে,Past
উঠলেন,Past
উঠলেম,Past
উঠস,Unknown
কাট,Root
কাটা,Base
কাটাই,Present
কাটাইও,Present
কাটাইত,Past
কাটাইতাম,Past
কাটাইতিস,Past
কাটাইতে,Past
কাটাইতেছ,Present
কাটাইতেছি,Present
কাটাইতেছিল,Past
কাটাইতেছিলাম,Past
কাটাইতেছিলি,Past
কাটাইতেছিলে,Past
কাটাইতেছিলেন,Past
কাটাইতেছিস,Present
কাটাইতেছে,Present
কাটাইতেছেন,Present
কাটাইতেন,Past
কাটাইব,Future
কাটাইবার,Present
কাটাইবি,Future
কাটাইবে,Future
কাটাইবেন,Future
কাটাইয়া,Participle
কাটাইয়াছ,Present
কাটাইয়াছি,Present
কাটাইয়াছিল,Past
কাটাইয়াছিলাম,Past
কাটাইয়াছিলি,Past
কাটাইয়াছিলে,Past
কাটাইয়াছিলেন,Past
কাটাইয়াছিস,Present
কাটাইয়াছে,Present
কাটাইয়াছেন,Present
কাটাইয়ো,Present
কাটাইল,Past
কাটাইলাম,Past
কাটাইলি,Past
কাটাইলে,Past
কাটাইলেন,Past
কাটাও,Present
কাটাক,Present
কাটাচ্ছ,Present
কাটাচ্ছি,Present
কাটাচ্ছিল,Past
কাটাচ্ছিলাম,Past
কাটাচ্ছিলি,Past
কাটাচ্ছিলুম,Past
কাটাচ্ছিলে,Past
কাটাচ্ছিলেন,Past
কাটাচ্ছিলেম,Past
কাটাচ্ছিস,Present
কাটাচ্ছে,Present
কাটাচ্ছেন,Present
কাটাত,Past
কাটাতাম,Past
কাটাতিস,Past
কাটাতুম,Past
কাটাতে,Past
কাটাতেন,Past
কাটাতেম,Past
কাটান,Present
কাটানো,Present
কাটাব,Future
কাটাবার,Present
কাটাবি,Future
কাটাবে,Future
কাটাবেন,Future
কাটাবো,Future
কাটায়,Present
কাটার,Present
কাটাল,Past
কাটালাম,Past
কাটালি,Past
কাটালুম,Past
কাটালে,Past
কাটালেন,Past
কাটালেম,Past
কাটাস,Present
কাটি,Present
কাটিও,Present
কাটিত,Past
কাটিতাম,Past
কাটিতিস,Past
কাটিতে,Past
কাটিতেছ,Present
কাটিতেছি,Present
কাটিতেছিল,Past
কাটিতেছিলাম,Past
কাটিতেছিলি,Past
কাটিতেছিলে,Past
কাটিতেছিলেন,Past
কাটিতেছিস,Present
কাটিতেছে,Present
কাটিতেছেন,Present
কাটিতেন,Past
কাটিব,Future
কাটিবার,Present
কাটিবি,Future
কাটিবে,Future
কাটিবেন,Future
কাটিয়া,Participle
কাটিয়াছ,Present
কাটিয়াছি,Present
কাটিয়াছিল,Past
কাটিয়াছিলাম,Past
কাটিয়াছিলি,Past
কাটিয়াছিলে,Past
কাটিয়াছিলেন,Past
কাটিয়াছিস,Present
কাটিয়াছে,Present
কাটিয়াছেন,Present
কাটিয়ে,Participle
কাটিয়েছ,Present
কাটিয়েছি,Present
কাটিয়েছিল,Past
কাটিয়েছিলাম,Past
কাটিয়েছিলি,Past
কাটিয়েছিলুম,Past
কাটিয়েছিলে,Past
কাটিয়েছিলেন,Past
কাটিয়েছিলেম,Past
কাটিয়েছিস,Present
কাটিয়েছে,Present
কাটিয়েছেন,Present
কাটিয়ো,Present
কাটিল,Past
কাটিলাম,Past
কাটিলি,Past
কাটিলে,Past
কাটিলেন,Past
কাটিস,Present
কাটুক,Present
কাটুন,Present
কাটে,Present
কাটেন,Present
কাটছ,Present
কাটছি,Present
কাটছিল,Past
কাটছিলাম,Past
কাটছিলি,Past
কাটছিলুম,Past
কাটছিলে,Past
কাটছিলেন,Past
কাটছিলেম,Past
কাটছিস,Present
কাটছে,Present
কাটছেন,Present
কাটত,Past
কাটতাম,Past
কাটতিস,Past
কাটতুম,Past
কাটতে,Past
কাটতেন,Past
কাটতেম,Past
কাটনো,Present
কাটব,Future
কাটবার,Present
কাটবি,Future
কাটবে,Future
কাটবেন,Future
কাটবো,Future
কাটল,Past
কাটলাম,Past
কাটলি,Past
কাটলুম,Past
কাটলে,Past
কাটলেন,Past
কাটলেম,Past
কাঁদ,Root
কাঁদা,Base
কাঁদাই,Present
কাঁদাইও,Present
কাঁদাইত,Past
কাঁদাইতাম,Past
কাঁদাইতিস,Past
কাঁদাইতে,Past
কাঁদাইতেছ,Present
কাঁদাইতেছি,Present
কাঁদাইতেছিল,Past
কাঁদাইতেছিলাম,Past
কাঁদাইতেছিলি,Past
কাঁদাইতেছিলে,Past
কাঁদাইতেছিলেন,Past
কাঁদাইতেছিস,Present
কাঁদাইতেছে,Present
কাঁদাইতেছেন,Present
কাঁদাইতেন,Past
কাঁদাইব,Future
কাঁদাইবার,Present
কাঁদাইবি,Future
কাঁদাইবে,Future
কাঁদাইবেন,Future
কাঁদাইয়া,Participle
কাঁদাইয়াছ,Present
কাঁদাইয়াছি,Present
কাঁদাইয়াছিল,Past
কাঁদাইয়াছিলাম,Past
কাঁদাইয়াছিলি,Past
কাঁদাইয়াছিলে,Past
কাঁদাইয়াছিলেন,Past
কাঁদাইয়াছিস,Present
কাঁদাইয়াছে,Present
কাঁদাইয়াছেন,Present
কাঁদাইয়ো,Present
কাঁদাইল,Past
কাঁদাইলাম,Past
কাঁদাইলি,Past
কাঁদাইলে,Past
কাঁদাইলেন,Past
কাঁদাও,Present
কাঁদাক,Present
কাঁদাচ্ছ,Present
কাঁদাচ্ছি,Present
কাঁদাচ্ছিল,Past
কাঁদাচ্ছিলাম,Past
কাঁদাচ্ছিলি,Past
কাঁদাচ্ছিলুম,Past
কাঁদাচ্ছিলে,Past
কাঁদাচ্ছিলেন,Past
কাঁদাচ্ছিলেম,Past
কাঁদাচ্ছিস,Present
কাঁদাচ্ছে,Present
কাঁদাচ্ছেন,Present
কাঁদাত,Past
কাঁদাতাম,Past
কাঁদাতিস,Past
কাঁদাতুম,Past
কাঁদাতে,Past
কাঁদাতেন,Past
কাঁদাতেম,Past
কাঁদান,Present
কাঁদানো,Present
কাঁদাব,Future
কাঁদাবার,Present
কাঁদাবি,Future
কাঁদাবে,Future
কাঁদাবেন,Future
কাঁদাবো,Future
কাঁদায়,Present
কাঁদার,Present
কাঁদাল,Past
কাঁদালাম,Past
কাঁদালি,Past
কাঁদালুম,Past
কাঁদালে,Past
কাঁদালেন,Past
কাঁদালেম,Past
কাঁদাস,Present
কাঁদি,Present
কাঁদিও,Present
কাঁদিত,Past
কাঁদিতাম,Past
কাঁদিতিস,Past
কাঁদিতে,Past
কাঁদিতেছ,Present
কাঁদিতেছি,Present
কাঁদিতেছিল,Past
কাঁদিতেছিলাম,Past
কাঁদিতেছিলি,Past
কাঁদিতেছিলে,Past
কাঁদিতেছিলেন,Past
কাঁদিতেছিস,Present
কাঁদিতেছে,Present
কাঁদিতেছেন,Present
কাঁদিতেন,Past
কাঁদিব,Future
কাঁদিবার,Present
কাঁদিবি,Future
কাঁদিবে,Future
কাঁদিবেন,Future
কাঁদিয়া,Participle
কাঁদিয়াছ,Present
কাঁদিয়াছি,Present
কাঁদিয়াছিল,Past
কাঁদিয়াছিলাম,Past
কাঁদিয়াছিলি,Past
কাঁদিয়াছিলে,Past
কাঁদিয়াছিলেন,Past
কাঁদিয়াছিস,Present
কাঁদিয়াছে,Present
কাঁদিয়াছেন,Present
কাঁদিয়ে,Participle
কাঁদিয়েছ,Present
কাঁদিয়েছি,Present
কাঁদিয়েছিল,Past
কাঁদিয়েছিলাম,Past
কাঁদিয়েছিলি,Past
কাঁদিয়েছিলুম,Past
কাঁদিয়েছিলে,Past
কাঁদিয়েছিলেন,Past
কাঁদিয়েছিলেম,Past
কাঁদিয়েছিস,Present
কাঁদিয়েছে,Present
কাঁদিয়েছেন,Present
কাঁদিয়ো,Present
কাঁদিল,Past
কাঁদিলাম,Past
কাঁদিলি,Past
কাঁদিলে,Past
কাঁদিলেন,Past
কাঁদিস,Present
কাঁদুক,Present
কাঁদুন,Present
কাঁদে,Present
কাঁদেন,Present
কাঁদছ,Present
কাঁদছি,Present
কাঁদছিল,Past
কাঁদছিলাম,Past
কাঁদছিলি,Past
কাঁদছিলুম,Past
কাঁদছিলে,Past
কাঁদছিলেন,Past
কাঁদছিলেম,Past
কাঁদছিস,Present
কাঁদছে,Present
কাঁদছেন,Present
কাঁদত,Past
কাঁদতাম,Past
কাঁদতিস,Past
কাঁদতুম,Past
কাঁদতে,Past
কাঁদতেন,Past
কাঁদতেম,Past
কাঁদব,Future
কাঁদবার,Present
কাঁদবি,Future
কাঁদবে,Future
কাঁদবেন,Future
কাঁদবো,Future
কাঁদল,Past
কাঁদলাম,Past
কাঁদলি,Past
কাঁদলুম,Past
কাঁদলে,Past
কাঁদলেন,Past
কাঁদলেম,Past
খা,Root
খাই,Present
খাইও,Present
খাইত,Past
খাইতাম,Past
খাইতিস,Past
খাইতে,Past
খাইতেছ,Present
খাইতেছি,Present
খাইতেছিল,Past
খাইতেছিলাম,Past
খাইতেছিলি,Past
খাইতেছিলে,Past
খাইতেছিলেন,Past
খাইতেছিস,Present
খাইতেছে,Present
খাইতেছেন,Present
খাইতেন,Past
খাইব,Future
খাইবার,Present
খাইবি,Future
খাইবে,Future
খাইবেন,Future
খাইয়া,Participle
খাইয়াছ,Present
খাইয়াছি,Present
খাইয়াছিল,Past
খাইয়াছিলাম,Past
খাইয়াছিলি,Past
খাইয়াছিলে,Past
খাইয়াছিলেন,Past
খাইয়াছিস,Present
খাইয়াছে,Present
খাইয়াছেন,Present
খাইয়ে,Participle
খাইয়েছ,Present
খাইয়েছি,Present
খাইয়েছিল,Past
খাইয়েছিলাম,Past
খাইয়েছিলি,Past
খাইয়েছিলুম,Past
খাইয়েছিলে,Past
খাইয়েছিলেন,Past
খাইয়েছিলেম,Past
খাইয়েছিস,Present
খাইয়েছে,Present
খাইয়েছেন,Present
খাইয়ো,Present
খাইল,Past
খাইলাম,Past
খাইলি,Past
খাইলে,Past
খাইলেন,Past
খায়,Unknown
খাও,Present
খাওয়া,Base
খাওয়াই,Present
খাওয়াইও,Present
খাওয়াইত,Past
খাওয়াইতাম,Past
খাওয়াইতিস,Past
খাওয়াইতে,Past
খাওয়াইতেছ,Present
খাওয়াইতেছি,Present
খাওয়াইতেছিল,Past
খাওয়াইতেছিলাম,Past
খাওয়াইতেছিলি,Past
খাওয়াইতেছিলে,Past
খাওয়াইতেছিলেন,Past
খাওয়াইতেছিস,Present
খাওয়াইতেছে,Present
খাওয়াইতেছেন,Present
খাওয়াইতেন,Past
খাওয়াইব,Future
খাওয়াইবার,Present
খাওয়াইবি,Future
খাওয়াইবে,Future
খাওয়াইবেন,Future
খাওয়াইয়া,Participle
খাওয়াইয়াছ,Present
খাওয়াইয়াছি,Present
খাওয়াইয়াছিল,Past
খাওয়াইয়াছিলাম,Past
খাওয়াইয়াছিলি,Past
খাওয়াইয়াছিলে,Past
খাওয়াইয়াছিলেন,Past
খাওয়াইয়াছিস,Present
খাওয়াইয়াছে,Present
খাওয়াইয়াছেন,Present
খাওয়াইয়ো,Present
খাওয়াইল,Past
খাওয়াইলাম,Past
খাওয়াইলি,Past
খাওয়াইলে,Past
খাওয়াইলেন,Past
খাওয়াও,Present
খাওয়াক,Present
খাওয়াচ্ছ,Present
খাওয়াচ্ছি,Present
খাওয়াচ্ছিল,Past
খাওয়াচ্ছিলাম,Past
খাওয়াচ্ছিলি,Past
খাওয়াচ্ছিলুম,Past
খাওয়াচ্ছিলে,Past
খাওয়াচ্ছিলেন,Past
খাওয়াচ্ছিলেম,Past
খাওয়াচ্ছিস,Present
খাওয়াচ্ছে,Present
খাওয়াচ্ছেন,Present
খাওয়াত,Past
খাওয়াতাম,Past
খাওয়াতিস,Past
খাওয়াতুম,Past
খাওয়াতে,Past
খাওয়াতেন,Past
খাওয়াতেম,Past
খাওয়ান,Present
খাওয়ানো,Present
খাওয়াব,Future
খাওয়াবার,Present
খাওয়াবি,Future
খাওয়াবে,Future
খাওয়াবেন,Future
খাওয়াবো,Future
খাওয়ায়,Present
খাওয়াল,Past
খাওয়ালাম,Past
খাওয়ালি,Past
খাওয়ালুম,Past
খাওয়ালে,Past
খাওয়ালেন,Past
খাওয়ালেম,Past
খাওয়াস,Present
খাক,Present
খাচ্ছ,Present
খাচ্ছি,Present
খাচ্ছিল,Past
খাচ্ছিলাম,Past
খাচ্ছিলি,Past
খাচ্ছিলুম,Past
খাচ্ছিলে,Past
খাচ্ছিলেন,Past
খাচ্ছিলেম,Past
খাচ্ছিস,Present
খাচ্ছে,Present
খাচ্ছেন,Present
গাই,Present
গাইও,Present
গাইছ,Present
গাইছি,Present
গাইছিল,Past
গাইছিলাম,Past
গাইছিলি,Past
গাইছিলুম,Past
গাইছিলে,Past
গাইছিলেন,Past
গাইছিলেম,Past
গাইছিস,Present
গাইছে,Present
গাইছেন,Present
গাইত,Past
গাইতাম,Past
গাইতিস,Past
গাইতুম,Past
গাইতে,Past
গাইতেছিল,Past
গাইতেছিলাম,Past
গাইতেছিলি,Past
গাইতেছিলুম,Past
গাইতেছিলে,Past
গাইতেছিলেন,Past
গাইতেছিলেম,Past
গাইতেন,Past
গাইতেম,Past
গাইব,Future
গাইবার,Present
গাইবি,Future
গাইবে,Future
গাইবেন,Future
গাইবো,Future
গাইয়ে,Participle
গাইয়েছ,Present
গাইয়েছি,Present
গাইয়েছিল,Past
গাইয়েছিলাম,Past
গাইয়েছিলি,Past
গাইয়েছিলুম,Past
গাইয়েছিলে,Past
গাইয়েছিলেন,Past
গাইয়েছিলেম,Past
গাইয়েছিস,Present
গাইয়েছে,Present
গাইয়েছেন,Present
গাইয়ো,Present
গাইল,Past
গাইলাম,Past
গাইলি,Past
গাইলুম,Past
গাইলে,Past
গাইলেন,Past
গাইলেম,Past
গাও,Present
গাওয়া,Base
গাওয়াই,Present
গাওয়াও,Present
গাওয়াক,Present
গাওয়াচ্ছ,Present
গাওয়াচ্ছি,Present
গাওয়াচ্ছিল,Past
গাওয়াচ্ছিলাম,Past
গাওয়াচ্ছিলি,Past
গাওয়াচ্ছিলুম,Past
গাওয়াচ্ছিলে,Past
গাওয়াচ্ছিলেন,Past
গাওয়াচ্ছিলেম,Past
গাওয়াচ্ছিস,Present
গাওয়াচ্ছে,Present
গাওয়াচ্ছেন,Present
গাওয়াত,Past
গাওয়াতাম,Past
গাওয়াতিস,Past
গাওয়াতুম,Past
গাওয়াতে,Past
গাওয়াতেন,Past
গাওয়াতেম,Past
গাওয়ান,Present
গাওয়ানো,Present
গাওয়াব,Future
গাওয়াবার,Present
গাওয়াবি,Future
গাওয়াবে,Future
গাওয়াবেন,Future
গাওয়াবো,Future
গাওয়ায়,Present
গাওয়ার,Present
গাওয়াল,Past
গাওয়ালাম,Past
গাওয়ালি,Past
গাওয়ালুম,Past
গাওয়ালে,Past
গাওয়ালেন,Past
গাওয়ালেম,Past
গাওয়াস,Present
গাক,Present
গাচ্ছিল,Past
গাচ্ছিলাম,Past
গাচ্ছিলি,Past
গাচ্ছিলুম,Past
গাচ্ছিলে,Past
গাচ্ছিলেন,Past
গাচ্ছিলেম,Past
চল,Root
চলা,Base
চলান,Present
চলানো,Present
চলার,Present
চলি,Past
চলিও,Present
চলিত,Past
চলিতাম,Past
চলিতিস,Past
চলিতে,Past
চলিতেছ,Present
চলিতেছি,Present
চলিতেছিল,Past
চলিতেছিলাম,Past
চলিতেছিলি,Past
চলিতেছিলে,Past
চলিতেছিলেন,Past
চলিতেছিস,Present
চলিতেছে,Present
চলিতেছেন,Present
চলিতেন,Past
চলিব,Future
চলিবার,Present
চলিবি,Future
চলিবে,Future
চলিবেন,Future
চলিয়া,Participle
চলিয়াছ,Present
চলিয়াছি,Present
চলিয়াছিল,Past
চলিয়াছিলাম,Past
চলিয়াছিলি,Past
চলিয়াছিলে,Past
চলিয়াছিলেন,Past
চলিয়াছিস,Present
চলিয়াছে,Present
চলিয়াছেন,Present
চলিয়ো,Present
চলিল,Past
চলিলাম,Past
চলিলি,Past
চলিলে,Past
চলিলেন,Past
চলিস,Present
চলুক,Present
চলুন,Present
চলে,Past
চলেছ,Present
চলেছি,Present
চলেছিল,Past
চলেছিলাম,Past
চলেছিলি,Past
চলেছিলুম,Past
চলেছিলে,Past
চলেছিলেন,Past
চলেছিলেম,Past
চলেছিস,Present
চলেছে,Present
চলেছেন,Present
চলেন,Past
চলো,Present
চাই,Present
চাইছ,Present
চাইছি,Present
চাইছিল,Past
চাইছিলাম,Past
চাইছিলি,Past
চাইছিলুম,Past
চাইছিলে,Past
চাইছিলেন,Past
চাইছিলেম,Past
চাইছিস,Present
চাইছে,Present
চাইছেন,Present
চাইত,Past
চাইতাম,Past
চাইতিস,Past
চাইতুম,Past
চাইতে,Past
চাইতেছিল,Past
চাইতেছিলাম,Past
চাইতেছিলি,Past
চাইতেছিলুম,Past
চাইতেছিলে,Past
চাইতেছিলেন,Past
চাইতেছিলেম,Past
চাইতেন,Past
চাইতেম,Past
চাইব,Future
চাইবার,Present
চাইবি,Future
চাইবে,Future
চাইবেন,Future
চাইবো,Future
চাইল,Past
চাইলাম,Past
চাইলি,Past
চাইলুম,Past
চাইলে,Past
চাইলেন,Past
চাইলেম,Past
চাও,Present
চাওয়া,Base
চাওয়ান,Present
চাওয়ানো,Present
চাওয়ার,Present
ডাকা,Base
ডাকাই,Present
ডাকাইও,Present
ডাকাইত,Past
ডাকাইতাম,Past
ডাকাইতিস,Past
ডাকাইতে,Past
ডাকাইতেছ,Present
ডাকাইতেছি,Present
ডাকাইতেছিল,Past
ডাকাইতেছিলাম,Past
ডাকাইতেছিলি,Past
ডাকাইতেছিলে,Past
ডাকাইতেছিলেন,Past
ডাকাইতেছিস,Present
ডাকাইতেছে,Present
ডাকাইতেছেন,Present
ডাকাইতেন,Past
ডাকাইব,Future
ডাকাইবার,Present
ডাকাইবি,Future
ডাকাইবে,Future
ডাকাইবেন,Future
ডাকাইয়া,Participle
ডাকাইয়াছ,Present
ডাকাইয়াছি,Present
ডাকাইয়াছিল,Past
ডাকাইয়াছিলাম,Past
ডাকাইয়াছিলি,Past
ডাকাইয়াছিলে,Past
ডাকাইয়াছিলেন,Past
ডাকাইয়াছিস,Present
ডাকাইয়াছে,Present
ডাকাইয়াছেন,Present
ডাকাইয়ো,Present
ডাকাইল,Past
ডাকাইলাম,Past
ডাকাইলি,Past
ডাকাইলে,Past
ডাকাইলেন,Past
ডাকাও,Present
ডাকাক,Present
ডাকাচ্ছ,Present
ডাকাচ্ছি,Present
ডাকাচ্ছিল,Past
ডাকাচ্ছিলাম,Past
ডাকাচ্ছিলি,Past
ডাকাচ্ছিলুম,Past
ডাকাচ্ছিলে,Past
ডাকাচ্ছিলেন,Past
ডাকাচ্ছিলেম,Past
ডাকাচ্ছিস,Present
ডাকাচ্ছে,Present
ডাকাচ্ছেন,Present
ডাকাত,Past
ডাকাতাম,Past
ডাকাতিস,Past
ডাকাতুম,Past
ডাকাতে,Past
ডাকাতেন,Past
ডাকাতেম,Past
ডাকান,Present
ডাকানো,Present
ডাকাব,Future
ডাকাবার,Present
ডাকাবি,Future
ডাকাবে,Future
ডাকাবেন,Future
ডাকাবো,Future
ডাকায়,Present
ডাকার,Present
ডাকাল,Past
ডাকালাম,Past
ডাকালি,Past
ডাকালুম,Past
ডাকালে,Past
ডাকালেন,Past
ডাকালেম,Past
ডাকাস,Present
ডাকি,Present
ডাকিও,Present
ডাকিত,Past
ডাকিতাম,Past
ডাকিতিস,Past
ডাকিতে,Past
ডাকিতেছ,Present
ডাকিতেছি,Present
ডাকিতেছিল,Past
ডাকিতেছিলাম,Past
ডাকিতেছিলি,Past
ডাকিতেছিলে,Past
ডাকিতেছিলেন,Past
ডাকিতেছিস,Present
ডাকিতেছে,Present
ডাকিতেছেন,Present
ডাকিতেন,Past
ডাকিব,Future
ডাকিবার,Present
ডাকিবি,Future
ডাকিবে,Future
ডাকিবেন,Future
ডাকিয়া,Participle
ডাকিয়াছ,Present
ডাকিয়াছি,Present
ডাকিয়াছিল,Past
ডাকিয়াছিলাম,Past
ডাকিয়াছিলি,Past
ডাকিয়াছিলে,Past
ডাকিয়াছিলেন,Past
ডাকিয়াছিস,Present
ডাকিয়াছে,Present
ডাকিয়াছেন,Present
ডাকিয়ে,Participle
ডাকিয়েছ,Present
ডাকিয়েছি,Present
ডাকিয়েছিল,Past
ডাকিয়েছিলাম,Past
ডাকিয়েছিলি,Past
ডাকিয়েছিলুম,Past
ডাকিয়েছিলে,Past
ডাকিয়েছিলেন,Past
ডাকিয়েছিলেম,Past
ডাকিয়েছিস,Present
ডাকিয়েছে,Present
ডাকিয়েছেন,Present
ডাকিয়ো,Present
ডাকিল,Past
ডাকিলাম,Past
ডাকিলি,Past
ডাকিলে,Past
ডাকিলেন,Past
ডাকিস,Present
ডাকুক,Present
ডাকুন,Present
ডাকে,Present
ডাকেন,Present
ডাকছ,Present
ডাকছি,Present
ডাকছিল,Past
ডাকছিলাম,Past
ডাকছিলি,Past
ডাকছিলুম,Past
ডাকছিলে,Past
ডাকছিলেন,Past
ডাকছিলেম,Past
ডাকছিস,Present
ডাকছে,Present
ডাকছেন,Present
ডাকত,Past
ডাকতাম,Past
ডাকতিস,Past
ডাকতুম,Past
ডাকতে,Past
ডাকতেন,Past
ডাকতেম,Past
ডাকব,Future
ডাকবার,Present
ডাকবি,Future
ডাকবে,Future
ডাকবেন,Future
ডাকবো,Future
ডাকল,Past
ডাকলাম,Past
ডাকলি,Past
ডাকলুম,Past
ডাকলে,Past
ডাকলেন,Past
ডাকলেম,Past
ঢোক,Root
ঢোকা,Base
ঢোকাই,Present
ঢোকাও,Present
ঢোকাক,Present
ঢোকাচ্ছ,Present
ঢোকাচ্ছি,Present
ঢোকাচ্ছিল,Past
ঢোকাচ্ছিলাম,Past
ঢোকাচ্ছিলি,Past
ঢোকাচ্ছিলুম,Past
ঢোকাচ্ছিলে,Past
ঢোকাচ্ছিলেন,Past
ঢোকাচ্ছিলেম,Past
ঢোকাচ্ছিস,Present
ঢোকাচ্ছে,Present
ঢোকাচ্ছেন,Present
ঢোকাত,Past
ঢোকাতাম,Past
ঢোকাতিস,Past
ঢোকাতুম,Past
ঢোকাতে,Past
ঢোকাতেন,Past
ঢোকাতেম,Past
ঢোকান,Present
ঢোকানো,Present
ঢোকাব,Future
ঢোকাবার,Present
ঢোকাবি,Future
ঢোকাবে,Future
ঢোকাবেন,Future
ঢোকাবো,Future
ঢোকায়,Present
ঢোকার,Present
ঢোকাল,Past
ঢোকালাম,Past
ঢোকালি,Past
ঢোকালুম,Past
ঢোকালে,Past
ঢোকালেন,Past
ঢোকালেম,Past
ঢোকাস,Present
ঢোকে,Present
ঢোকেন,Present
ঢোকবার,Present
ঢোক্,Unknown
থাকা,Base
থাকানো,Present
থাকার,Present
থাকি,Present
থাকিও,Present
থাকিত,Past
থাকিতাম,Past
থাকিতিস,Past
থাকিতে,Past
থাকিতেছ,Present
থাকিতেছি,Present
থাকিতেছিল,Past
থাকিতেছিলাম,Past
থাকিতেছিলি,Past
থাকিতেছিলে,Past
থাকিতেছিলেন,Past
থাকিতেছিস,Present
থাকিতেছে,Present
থাকিতেছেন,Present
থাকিতেন,Past
থাকিব,Future
থাকিবার,Present
থাকিবি,Future
থাকিবে,Future
থাকিবেন,Future
থাকিয়া,Participle
থাকিয়াছ,Present
থাকিয়াছি,Present
থাকিয়াছিল,Past
থাকিয়াছিলাম,Past
থাকিয়াছিলি,Past
থাকিয়াছিলে,Past
থাকিয়াছিলেন,Past
থাকিয়াছিস,Present
থাকিয়াছে,Present
থাকিয়াছেন,Present
থাকিয়ো,Present
থাকিল,Past
থাকিলাম,Past
থাকিলি,Past
থাকিলে,Past
থাকিলেন,Past
থাকিস,Present
থাকুক,Present
থাকুন,Present
থাকে,Present
থাকেন,Present
থাকছ,Present
থাকছি,Present
থাকছিল,Past
থাকছিলাম,Past
থাকছিলি,Past
থাকছিলুম,Past
থাকছিলে,Past
থাকছিলেন,Past
থাকছিলেম,Past
থাকছিস,Present
থাকছে,Present
থাকছেন,Present
দেখ,Root
দেখা,Base
দেখাই,Present
দেখাইও,Present
দেখাইত,Past
দেখাইতাম,Past
দেখাইতিস,Past
দেখাইতে,Past
দেখাইতেছ,Present
দেখাইতেছি,Present
দেখাইতেছিল,Past
দেখাইতেছিলাম,Past
দেখাইতেছিলি,Past
দেখাইতেছিলে,Past
দেখাইতেছিলেন,Past
দেখাইতেছিস,Present
দেখাইতেছে,Present
দেখাইতেছেন,Present
দেখাইতেন,Past
দেখাইব,Future
দেখাইবার,Present
দেখাইবি,Future
দেখাইবে,Future
দেখাইবেন,Future
দেখাইয়া,Participle
দেখাইয়াছ,Present
দেখাইয়াছি,Present
দেখাইয়াছিল,Past
দেখাইয়াছিলাম,Past
দেখাইয়াছিলি,Past
দেখাইয়াছিলে,Past
দেখাইয়াছিলেন,Past
দেখাইয়াছিস,Present
দেখাইয়াছে,Present
দেখাইয়াছেন,Present
দেখাইয়ো,Present
দেখাইল,Past
দেখাইলাম,Past
দেখাইলি,Past
দেখাইলে,Past
দেখাইলেন,Past
দেখাও,Present
দেখাক,Present
দেখাচ্ছ,Present
দেখাচ্ছি,Present
দেখাচ্ছিল,Past
দেখাচ্ছিলাম,Past
দেখাচ্ছিলি,Past
দেখাচ্ছিলুম,Past
দেখাচ্ছিলে,Past
দেখাচ্ছিলেন,Past
দেখাচ্ছিলেম,Past
দেখাচ্ছিস,Present
দেখাচ্ছে,Present
দেখাচ্ছেন,Present
দেখাত,Past
দেখাতাম,Past
দেখাতিস,Past
দেখাতুম,Past
দেখাতে,Past
দেখাতেন,Past
দেখাতেম,Past
দেখান,Present
দেখানো,Present
দেখাব,Future
দেখাবার,Present
দেখাবি,Future
দেখাবে,Future
দেখাবেন,Future
দেখাবো,Future
দেখায়,Present
দেখার,Present
দেখাল,Past
দেখালাম,Past
দেখালি,Past
দেখালুম,Past
দেখালে,Past
দেখালেন,Past
দেখালেম,Past
দেখাস,Present
দেখি,Present
দেখিও,Present
দেখিত,Past
দেখিতাম,Past
দেখিতিস,Past
দেখিতে,Past
দেখিতেছ,Present
দেখিতেছি,Present
দেখিতেছিল,Past
দেখিতেছিলাম,Past
দেখিতেছিলি,Past
দেখিতেছিলে,Past
দেখিতেছিলেন,Past
দেখিতেছিস,Present
দেখিতেছে,Present
দেখিতেছেন,Present
দেখিতেন,Past
দেখিব,Future
দেখিবার,Present
দেখিবি,Future
দেখিবে,Future
দেখিবেন,Future
দেখিয়া,Participle
দেখিয়াছ,Present
দেখিয়াছি,Present
দেখিয়াছিল,Past
দেখিয়াছিলাম,Past
দেখিয়াছিলি,Past
দেখিয়াছিলে,Past
দেখিয়াছিলেন,Past
দেখিয়াছিস,Present
দেখিয়াছে,Present
দেখিয়াছেন,Present
দেখিয়ে,Participle
দেখিয়েছ,Present
দেখিয়েছি,Present
দেখিয়েছিল,Past
দেখিয়েছিলাম,Past
দেখিয়েছিলি,Past
দেখিয়েছিলুম,Past
দেখিয়েছিলে,Past
দেখিয়েছিলেন,Past
দেখিয়েছিলেম,Past
দেখিয়েছিস,Present
দেখিয়েছে,Present
দেখিয়েছেন,Present
দেখিয়ো,Present
দেখিল,Past
দেখিলাম,Past
দেখিলি,Past
দেখিলে,Past
দেখিলেন,Past
দেখিস,Present
দেখুক,Present
দেখুন,Present
দেখে,Present
দেখেছ,Present
দেখেছি,Present
দেখেছিল,Past
দেখেছিলাম,Past
দেখেছিলি,Past
দেখেছিলুম,Past
দেখেছিলে,Past
দেখেছিলেন,Past
দেখেছিলেম,Past
দেখেছিস,Present
দেখেছে,Present
দেখেছেন,Present
দেখেন,Present
দেখো,Present
দেখছ,Present
দেখছি,Present
দেখছিল,Past
দেখছিলাম,Past
দেখছিলি,Past
দেখছিলুম,Past
দেখছিলে,Past
দেখছিলেন,Past
দেখছিলেম,Past
দেখছিস,Present
দেখছে,Present
দেখছেন,Present
দেখত,Past
দেখতাম,Past
দেখতিস,Past
দেখতুম,Past
দেখতে,Past
দেখতেন,Past
দেখতেম,Past
দেখব,Future
দেখবার,Present
দেখবি,Future
দেখবে,Future
দেখবেন,Future
দেখবো,Future
দেখল,Past
দেখলাম,Past
দেখলি,Past
দেখলুম,Past
দেখলে,Past
দেখলেন,Past
দেখলেম,Past
নাচ,Root
নাচা,Base
নাচাই,Present
নাচাইও,Present
নাচাইত,Past
নাচাইতাম,Past
নাচাইতিস,Past
নাচাইতে,Past
নাচাইতেছ,Present
নাচাইতেছি,Present
নাচাইতেছিল,Past
নাচাইতেছিলাম,Past
নাচাইতেছিলি,Past
নাচাইতেছিলে,Past
নাচাইতেছিলেন,Past
নাচাইতেছিস,Present
নাচাইতেছে,Present
নাচাইতেছেন,Present
নাচাইতেন,Past
নাচাইব,Future
নাচাইবার,Present
নাচাইবি,Future
নাচাইবে,Future
নাচাইবেন,Future
নাচাইয়া,Participle
নাচাইয়াছ,Present
নাচাইয়াছি,Present
নাচাইয়াছিল,Past
নাচাইয়াছিলাম,Past
নাচাইয়াছিলি,Past
নাচাইয়াছিলে,Past
নাচাইয়াছিলেন,Past
নাচাইয়াছিস,Present
নাচাইয়াছে,Present
নাচাইয়াছেন,Present
নাচাইয়ো,Present
নাচাইল,Past
নাচাইলাম,Past
নাচাইলি,Past
নাচাইলে,Past
নাচাইলেন,Past
নাচাও,Present
নাচাক,Present
নাচাচ্ছ,Present
নাচাচ্ছি,Present
নাচাচ্ছিল,Past
নাচাচ্ছিলাম,Past
নাচাচ্ছিলি,Past
নাচাচ্ছিলুম,Past
নাচাচ্ছিলে,Past
নাচাচ্ছিলেন,Past
নাচাচ্ছিলেম,Past
নাচাচ্ছিস,Present
নাচাচ্ছে,Present
নাচাচ্ছেন,Present
নাচাত,Past
নাচাতাম,Past
নাচাতিস,Past
নাচাতুম,Past
নাচাতে,Past
নাচাতেন,Past
নাচাতেম,Past
নাচান,Present
নাচানো,Present
নাচাব,Future
নাচাবার,Present
নাচাবি,Future
নাচাবে,Future
নাচাবেন,Future
নাচাবো,Future
নাচায়,Present
নাচার,Present
নাচাল,Past
নাচালাম,Past
নাচালি,Past
নাচালুম,Past
নাচালে,Past
নাচালেন,Past
নাচালেম,Past
নাচাস,Present
নাচি,Present
নাচিও,Present
নাচিত,Past
নাচিতাম,Past
নাচিতিস,Past
নাচিতে,Past
নাচিতেছ,Present
নাচিতেছি,Present
নাচিতেছিল,Past
নাচিতেছিলাম,Past
নাচিতেছিলি,Past
নাচিতেছিলে,Past
নাচিতেছিলেন,Past
নাচিতেছিস,Present
নাচিতেছে,Present
নাচিতেছেন,Present
নাচিতেন,Past
নাচিব,Future
নাচিবার,Present
নাচিবি,Future
নাচিবে,Future
নাচিবেন,Future
নাচিয়া,Participle
নাচিয়াছ,Present
নাচিয়াছি,Present
নাচিয়াছিল,Past
নাচিয়াছিলাম,Past
নাচিয়াছিলি,Past
নাচিয়াছিলে,Past
নাচিয়াছিলেন,Past
নাচিয়াছিস,Present
নাচিয়াছে,Present
নাচিয়াছেন,Present
নাচিয়ে,Participle
নাচিয়েছ,Present
নাচিয়েছি,Present
নাচিয়েছিল,Past
নাচিয়েছিলাম,Past
নাচিয়েছিলি,Past
নাচিয়েছিলুম,Past
নাচিয়েছিলে,Past
নাচিয়েছিলেন,Past
নাচিয়েছিলেম,Past
নাচিয়েছিস,Present
নাচিয়েছে,Present
নাচিয়েছেন,Present
নাচিয়ো,Present
নাচিল,Past
নাচিলাম,Past
নাচিলি,Past
নাচিলে,Past
নাচিলেন,Past
নাচিস,Present
নাচুক,Present
নাচুন,Present
নাচে,Present
নাচেন,Present
নাচছ,Present
নাচছি,Present
নাচছিল,Past
নাচছিলাম,Past
নাচছিলি,Past
নাচছিলুম,Past
নাচছিলে,Past
নাচছিলেন,Past
নাচছিলেম,Past
নাচছিস,Present
নাচছে,Present
নাচছেন,Present
নাচত,Past
নাচতাম,Past
নাচতিস,Past
নাচতুম,Past
নাচতে,Past
নাচতেন,Past
নাচতেম,Past
নাচব,Future
নাচবার,Present
নাচবি,Future
নাচবে,Future
নাচবেন,Future
নাচবো,Future
নাচল,Past
নাচলাম,Past
নাচলি,Past
নাচলুম,Past
নাচলে,Past
নাচলেন,Past
নাচলেম,Past
পড়ান,Present
পড়,Root
পড়া,Base
পড়াই,Present
পড়াইও,Present
পড়াইত,Past
পড়াইতাম,Past
পড়াইতিস,Past
পড়াইতে,Past
পড়াইতেছ,Present
পড়াইতেছি,Present
পড়াইতেছিল,Past
পড়াইতেছিলাম,Past
পড়াইতেছিলি,Past
পড়াইতেছিলে,Past
পড়াইতেছিলেন,Past
পড়াইতেছিস,Present
পড়াইতেছে,Present
পড়াইতেছেন,Present
পড়াইতেন,Past
পড়াইব,Future
পড়াইবার,Present
পড়াইবি,Future
পড়াইবে,Future
পড়াইবেন,Future
পড়াইয়া,Participle
পড়াইয়াছ,Present
পড়াইয়াছি,Present
পড়াইয়াছিল,Past
পড়াইয়াছিলাম,Past
পড়াইয়াছিলি,Past
পড়াইয়াছিলে,Past
পড়াইয়াছিলেন,Past
পড়াইয়াছিস,Present
পড়াইয়াছে,Present
পড়াইয়াছেন,Present
পড়াইয়ো,Present
পড়াইল,Past
পড়াইলাম,Past
পড়াইলি,Past
পড়াইলে,Past
পড়াইলেন,Past
পড়াও,Present
পড়াক,Present
পড়াচ্ছ,Present
পড়াচ্ছি,Present
পড়াচ্ছিল,Past
পড়াচ্ছিলাম,Past
পড়াচ্ছিলি,Past
পড়াচ্ছিলুম,Past
পড়াচ্ছিলে,Past
পড়াচ্ছিলেন,Past
পড়াচ্ছিলেম,Past
পড়াচ্ছিস,Present
পড়াচ্ছে,Present
পড়াচ্ছেন,Present
পড়াত,Past
পড়াতাম,Past
পড়াতিস,Past
পড়াতুম,Past
পড়াতে,Past
পড়াতেন,Past
পড়াতেম,Past
পড়ান,Present
পড়ানো,Present
পড়াব,Future
পড়াবার,Present
পড়াবি,Future
পড়াবে,Future
পড়াবেন,Future
পড়াবো,Future
পড়ায়,Present
পড়ার,Present
পড়াল,Past
পড়ালাম,Past
পড়ালি,Past
পড়ালুম,Past
পড়ালে,Past
পড়ালেন,Past
পড়ালেম,Past
পড়াস,Present
পড়ি,Present
পড়িও,Present
পড়িত,Past
পড়িতাম,Past
পড়িতিস,Past
পড়িতে,Past
পড়িতেছ,Present
পড়িতেছি,Present
পড়িতেছিল,Past
পড়িতেছিলাম,Past
পড়িতেছিলি,Past
পড়িতেছিলে,Past
পড়িতেছিলেন,Past
পড়িতেছিস,Present
পড়িতেছে,Present
পড়িতেছেন,Present
পড়িতেন,Past
পড়িব,Future
পড়িবার,Present
পড়িবি,Future
পড়িবে,Future
পড়িবেন,Future
পড়িয়া,Participle
পড়িয়াছ,Present
পড়িয়াছি,Present
পড়িয়াছিল,Past
পড়িয়াছিলাম,Past
পড়িয়াছিলি,Past
পড়িয়াছিলে,Past
পড়িয়াছিলেন,Past
পড়িয়াছিস,Present
পড়িয়াছে,Present
পড়িয়াছেন,Present
পড়িয়ে,Participle
পড়িয়েছ,Present
পড়িয়েছি,Present
পড়িয়েছিল,Past
পড়িয়েছিলাম,Past
পড়িয়েছিলি,Past
পড়িয়েছিলুম,Past
পড়িয়েছিলে,Past
পড়িয়েছিলেন,Past
পড়িয়েছিলেম,Past
পড়িয়েছিস,Present
পড়িয়েছে,Present
পড়িয়েছেন,Present
পড়িয়ো,Present
পড়িল,Past
পড়িলাম,Past
পড়িলি,Past
পড়িলে,Past
পড়িলেন,Past
পড়িস,Present
পড়ুক,Present
পড়ুন,Present
পড়ে,Present
পড়েছ,Present
পড়েছি,Present
পড়েছিল,Past
পড়েছিলাম,Past
পড়েছিলি,Past
পড়েছিলুম,Past
পড়েছিলে,Past
পড়েছিলেন,Past
পড়েছিলেম,Past
পড়েছিস,Present
পড়েছে,Present
পড়েছেন,Present
পড়েন,Present
পড়ো,Present
পড়ছ,Present
পড়ছি,Present
পড়ছিল,Past
পড়ছিলাম,Past
পড়ছিলি,Past
পড়ছিলুম,Past
পড়ছিলে,Past
পড়ছিলেন,Past
পড়ছিলেম,Past
পড়ছিস,Present
পড়ছে,Present
পড়ছেন,Present
পড়ত,Past
পড়তাম,Past
পড়তিস,Past
পড়তুম,Past
পড়তে,Past
পড়তেন,Past
পড়তেম,Past
পড়ব,Future
পড়বার,Present
পড়বি,Future
পড়বে,Future
পড়বেন,Future
পড়বো,Future
পড়ল,Past
পড়লাম,Past
পড়লি,Past
পড়লুম,Past
পড়লে,Past
পড়লেন,Past
পড়লেম,Past
পাই,Present
পাইও,Present
পাইত,Past
পাইতাম,Past
পাইতিস,Past
পাইতে,Past
পাইতেছ,Present
পাইতেছি,Present
পাইতেছিল,Past
পাইতেছিলাম,Past
পাইতেছিলি,Past
পাইতেছিলে,Past
পাইতেছিলেন,Past
পাইতেছিস,Present
পাইতেছে,Present
পাইতেছেন,Present
পাইতেন,Past
পাইব,Future
পাইবার,Present
পাইবি,Future
পাইবে,Future
পাইবেন,Future
পাইয়া,Participle
পাইয়াছ,Present
পাইয়াছি,Present
পাইয়াছিল,Past
পাইয়াছিলাম,Past
পাইয়াছিলি,Past
পাইয়াছিলে,Past
পাইয়াছিলেন,Past
পাইয়াছিস,Present
পাইয়াছে,Present
পাইয়াছেন,Present
পাইয়ে,Participle
পাইয়েছ,Present
পাইয়েছি,Present
পাইয়েছিল,Past
পাইয়েছিলাম,Past
পাইয়েছিলি,Past
পাইয়েছিলুম,Past
পাইয়েছিলে,Past
পাইয়েছিলেন,Past
পাইয়েছিলেম,Past
পাইয়েছিস,Present
পাইয়েছে,Present
পাইয়েছেন,Present
পাইয়ো,Present
পাইল,Past
পাইলাম,Past
পাইলি,Past
পাইলে,Past
পাইলেন,Past
পাও,Present
পাওয়া,Base
পাওয়াই,Present
পাওয়াইও,Present
পাওয়াইত,Past
পাওয়াইতাম,Past
পাওয়াইতিস,Past
পাওয়াইতে,Past
পাওয়াইতেছ,Present
পাওয়াইতেছি,Present
পাওয়াইতেছিল,Past
পাওয়াইতেছিলাম,Past
পাওয়াইতেছিলি,Past
পাওয়াইতেছিলে,Past
পাওয়াইতেছিলেন,Past
পাওয়াইতেছিস,Present
পাওয়াইতেছে,Present
পাওয়াইতেছেন,Present
পাওয়াইতেন,Past
পাওয়াইব,Future
পাওয়াইবার,Present
পাওয়াইবি,Future
পাওয়াইবে,Future
পাওয়াইবেন,Future
পাওয়াইয়া,Participle
পাওয়াইয়াছ,Present
পাওয়াইয়াছি,Present
পাওয়াইয়াছিল,Past
পাওয়াইয়াছিলাম,Past
পাওয়াইয়াছিলি,Past
পাওয়াইয়াছিলে,Past
পাওয়াইয়াছিলেন,Past
পাওয়াইয়াছিস,Present
পাওয়াইয়াছে,Present
পাওয়াইয়াছেন,Present
পাওয়াইয়ো,Present
পাওয়াইল,Past
পাওয়াইলাম,Past
পাওয়াইলি,Past
পাওয়াইলে,Past
পাওয়াইলেন,Past
পাওয়াও,Present
পাওয়াক,Present
পাওয়াচ্ছ,Present
পাওয়াচ্ছি,Present
পাওয়াচ্ছিল,Past
পাওয়াচ্ছিলাম,Past
পাওয়াচ্ছিলি,Past
পাওয়াচ্ছিলুম,Past
পাওয়াচ্ছিলে,Past
পাওয়াচ্ছিলেন,Past
পাওয়াচ্ছিলেম,Past
পাওয়াচ্ছিস,Present
পাওয়াচ্ছে,Present
পাওয়াচ্ছেন,Present
পাওয়াত,Past
পাওয়াতাম,Past
পাওয়াতিস,Past
পাওয়াতুম,Past
পাওয়াতে,Past
পাওয়াতেন,Past
পাওয়াতেম,Past
পাওয়ান,Present
পাওয়ানো,Present
পাওয়াব,Future
পাওয়াবার,Present
পাওয়াবি,Future
পাওয়াবে,Future
পাওয়াবেন,Future
পাওয়াবো,Future
পাওয়ায়,Present
পাওয়াল,Past
পাওয়ালাম,Past
পাওয়ালি,Past
পাওয়ালুম,Past
পাওয়ালে,Past
পাওয়ালেন,Past
পাওয়ালেম,Past
পাওয়াস,Present
ফির,Root
ফিরা,Base
ফিরাই,Present
ফিরাইও,Present
ফিরাইত,Past
ফিরাইতাম,Past
ফিরাইতিস,Past
ফিরাইতে,Past
ফিরাইতেছ,Present
ফিরাইতেছি,Present
ফিরাইতেছিল,Past
ফিরাইতেছিলাম,Past
ফিরাইতেছিলি,Past
ফিরাইতেছিলে,Past
ফিরাইতেছিলেন,Past
ফিরাইতেছিস,Present
ফিরাইতেছে,Present
ফিরাইতেছেন,Present
ফিরাইতেন,Past
ফিরাইব,Future
ফিরাইবার,Present
ফিরাইবি,Future
ফিরাইবে,Future
ফিরাইবেন,Future
ফিরাইয়া,Participle
ফিরাইয়াছ,Present
ফিরাইয়াছি,Present
ফিরাইয়াছিল,Past
ফিরাইয়াছিলাম,Past
ফিরাইয়াছিলি,Past
ফিরাইয়াছিলে,Past
ফিরাইয়াছিলেন,Past
ফিরাইয়াছিস,Present
ফিরাইয়াছে,Present
ফিরাইয়াছেন,Present
ফিরাইয়ো,Present
ফিরাইল,Past
ফিরাইলাম,Past
ফিরাইলি,Past
ফিরাইলে,Past
ফিরাইলেন,Past
ফিরাও,Present
ফিরাক,Present
ফিরান,Present
ফিরানো,Present
ফিরায়,Present
ফিরাস,Present
ফিরই,Present
ফিরি,Present
ফিরিও,Present
ফিরিত,Past
ফিরিতাম,Past
ফিরিতিস,Past
ফিরিতে,Past
ফিরিতেছ,Present
ফিরিতেছি,Present
ফিরিতেছিল,Past
ফিরিতেছিলাম,Past
ফিরিতেছিলি,Past
ফিরিতেছিলে,Past
ফিরিতেছিলেন,Past
ফিরিতেছিস,Present
ফিরিতেছে,Present
ফিরিতেছেন,Present
ফিরিতেন,Past
ফিরিব,Future
ফিরিবার,Present
ফিরিবি,Future
ফিরিবে,Future
ফিরিবেন,Future
ফিরিয়া,Participle
ফিরিয়াছ,Present
ফিরিয়াছি,Present
ফিরিয়াছিল,Past
ফিরিয়াছিলাম,Past
ফিরিয়াছিলি,Past
ফিরিয়াছিলে,Past
ফিরিয়াছিলেন,Past
ফিরিয়াছিস,Present
ফিরিয়াছে,Present
ফিরিয়াছেন,Present
ফিরিয়ে,Participle
ফিরিয়েছ,Present
ফিরিয়েছি,Present
ফিরিয়েছিল,Past
ফিরিয়েছিলাম,Past
ফিরিয়েছিলি,Past
ফিরিয়েছিলুম,Past
ফিরিয়েছিলে,Past
ফিরিয়েছিলেন,Past
ফিরিয়েছিলেম,Past
ফিরিয়েছিস,Present
ফিরিয়েছে,Present
ফিরিয়েছেন,Present
ফিরিয়ো,Present
ফিরিল,Past
ফিরিলাম,Past
ফিরিলি,Past
ফিরিলে,Past
ফিরিলেন,Past
ফিরিস,Present
ফিরুক,Present
ফিরুন,Present
ফিরে,Present
ফিরেআসা,Present
ফিরেছ,Present
ফিরেছি,Present
ফিরেছিল,Past
ফিরেছিলাম,Past
ফিরেছিলি,Past
ফিরেছিলুম,Past
ফিরেছিলে,Past
ফিরেছিলেন,Past
ফিরেছিলেম,Past
ফিরেছিস,Present
ফিরেছে,Present
ফিরেছেন,Present
ফিরেন,Present
ফিরও,Present
ফিরো,Present
ফিরক,Unknown
ফিরচ্ছ,Present
ফিরচ্ছি,Present
ফিরচ্ছিল,Past
ফিরচ্ছিলাম,Past
ফিরচ্ছিলি,Past
ফিরচ্ছিলুম,Past
ফিরচ্ছিলে,Past
ফিরচ্ছিলেন,Past
ফিরচ্ছিলেম,Past
ফিরচ্ছিস,Present
ফিরচ্ছে,Present
ফিরচ্ছেন,Present
ফিরছ,Present
ফিরছি,Present
ফিরছিল,Past
ফিরছিলাম,Past
ফিরছিলি,Past
ফিরছিলুম,Past
ফিরছিলে,Past
ফিরছিলেন,Past
ফিরছিলেম,Past
ফিরছিস,Present
ফিরছে,Present
ফিরছেন,Present
ফিরতাম,Past
ফিরতিস,Past
ফিরতুম,Past
ফিরতে,Past
ফিরতেন,Past
ফিরতেম,Past
ফিরন,Unknown
ফিরনো,Present
ফিরব,Future
ফিরবার,Present
ফিরবি,Future
ফিরবে,Future
ফিরবেন,Future
ফিরবো,Future
ফিরয়,Present
ফিরল,Past
ফিরলাম,Past
ফিরলি,Past
ফিরলুম,Past
ফিরলে,Past
ফিরলেন,Past
ফিরলেম,Past
ফিরস,Unknown
বলা,Base
বলাই,Present
বলাইও,Present
বলাইত,Past
বলাইতাম,Past
বলাইতিস,Past
বলাইতে,Past
বলাইতেছ,Present
বলাইতেছি,Present
বলাইতেছিল,Past
বলাইতেছিলাম,Past
বলাইতেছিলি,Past
বলাইতেছিলে,Past
বলাইতেছিলেন,Past
বলাইতেছিস,Present
বলাইতেছে,Present
বলাইতেছেন,Present
বলাইতেন,Past
বলাইব,Future
বলাইবার,Present
বলাইবি,Future
বলাইবে,Future
বলাইবেন,Future
বলাইয়া,Participle
বলাইয়াছ,Present
বলাইয়াছি,Present
বলাইয়াছিল,Past
বলাইয়াছিলাম,Past
বলাইয়াছিলি,Past
বলাইয়াছিলে,Past
বলাইয়াছিলেন,Past
বলাইয়াছিস,Present
বলাইয়াছে,Present
বলাইয়াছেন,Present
বলাইয়ো,Present
বলাইল,Past
বলাইলাম,Past
বলাইলি,Past
বলাইলে,Past
বলাইলেন,Past
বলাও,Present
বলাক,Present
বলাচ্ছ,Present
বলাচ্ছি,Present
বলাচ্ছিল,Past
বলাচ্ছিলাম,Past
বলাচ্ছিলি,Past
বলাচ্ছিলুম,Past
বলাচ্ছিলে,Past
বলাচ্ছিলেন,Past
বলাচ্ছিলেম,Past
বলাচ্ছিস,Present
বলাচ্ছে,Present
বলাচ্ছেন,Present
বলাত,Past
বলাতাম,Past
বলাতিস,Past
বলাতুম,Past
বলাতে,Past
বলাতেন,Past
বলাতেম,Past
বলান,Present
বলানো,Present
বলাব,Future
বলাবার,Present
বলাবি,Future
বলাবে,Future
বলাবেন,Future
বলাবো,Future
বলায়,Present
বলার,Present
বলাল,Past
বলালাম,Past
বলালি,Past
বলালুম,Past
বলালে,Past
বলালেন,Past
বলালেম,Past
বলাস,Present
বলি,Past
বলিও,Present
বলিত,Past
বলিতাম,Past
বলিতিস,Past
বলিতে,Past
বলিতেছ,Present
বলিতেছি,Present
বলিতেছিল,Past
বলিতেছিলাম,Past
বলিতেছিলি,Past
বলিতেছিলে,Past
বলিতেছিলেন,Past
বলিতেছিস,Present
বলিতেছে,Present
বলিতেছেন,Present
বলিতেন,Past
বলিব,Future
বলিবার,Present
বলিবি,Future
বলিবে,Future
বলিবেন,Future
বলিয়া,Participle
বলিয়াছ,Present
বলিয়াছি,Present
বলিয়াছিল,Past
বলিয়াছিলাম,Past
বলিয়াছিলি,Past
বলিয়াছিলে,Past
বলিয়াছিলেন,Past
বলিয়াছিস,Present
বলিয়াছে,Present
বলিয়াছেন,Present
বলিয়ে,Participle
বলিয়েছ,Present
বলিয়েছি,Present
বলিয়েছিল,Past
বলিয়েছিলাম,Past
বলিয়েছিলি,Past
বলিয়েছিলুম,Past
বলিয়েছিলে,Past
বলিয়েছিলেন,Past
বলিয়েছিলেম,Past
বলিয়েছিস,Present
বলিয়েছে,Present
বলিয়েছেন,Present
বলিয়ো,Present
বলিল,Past
বলিলাম,Past
বলিলি,Past
বলিলে,Past
বলিলেন,Past
বলিস,Present
বলুক,Present
বলুন,Present
বলে,Past
বলেছ,Present
বলেছি,Present
বলেছিল,Past
বলেছিলাম,Past
বলেছিলি,Past
বলেছিলুম,Past
বলেছিলে,Past
বলেছিলেন,Past
বলেছিলেম,Past
বলেছিস,Present
বলেছে,Present
বলেছেন,Present
বলেন,Past
বলো,Present
বলছ,Present
বলছি,Present
বলছিল,Past
বলছিলাম,Past
বলছিলি,Past
বলছিলুম,Past
বলছিলে,Past
বলছিলেন,Past
বলছিলেম,Past
বলছিস,Present
বলছে,Present
বলছেন,Present
বলত,Past
বলতাম,Past
বলতিস,Past
বলতুম,Past
বলতে,Past
বলতেন,Past
বলতেম,Past
বলব,Future
বলবার,Present
বলবি,Future
বলবে,Future
বলবেন,Future
বলবো,Future
বলল,Past
বললাম,Past
বললি,Past
বললুম,Past
বললে,Past
বললেন,Past
বললেম,Past
ভাব,Root
ভাবা,Base
ভাবাই,Present
ভাবাইও,Present
ভাবাইত,Past
ভাবাইতাম,Past
ভাবাইতিস,Past
ভাবাইতে,Past
ভাবাইতেছ,Present
ভাবাইতেছি,Present
ভাবাইতেছিল,Past
ভাবাইতেছিলাম,Past
ভাবাইতেছিলি,Past
ভাবাইতেছিলে,Past
ভাবাইতেছিলেন,Past
ভাবাইতেছিস,Present
ভাবাইতেছে,Present
ভাবাইতেছেন,Present
ভাবাইতেন,Past
ভাবাইব,Future
ভাবাইবার,Present
ভাবাইবি,Future
ভাবাইবে,Future
ভাবাইবেন,Future
ভাবাইয়া,Participle
ভাবাইয়াছ,Present
ভাবাইয়াছি,Present
ভাবাইয়াছিল,Past
ভাবাইয়াছিলাম,Past
ভাবাইয়াছিলি,Past
ভাবাইয়াছিলে,Past
ভাবাইয়াছিলেন,Past
ভাবাইয়াছিস,Present
ভাবাইয়াছে,Present
ভাবাইয়াছেন,Present
ভাবাইয়ো,Present
ভাবাইল,Past
ভাবাইলাম,Past
ভাবাইলি,Past
ভাবাইলে,Past
ভাবাইলেন,Past
ভাবাও,Present
ভাবাক,Present
ভাবাচ্ছ,Present
ভাবাচ্ছি,Present
ভাবাচ্ছিল,Past
ভাবাচ্ছিলাম,Past
ভাবাচ্ছিলি,Past
ভাবাচ্ছিলুম,Past
ভাবাচ্ছিলে,Past
ভাবাচ্ছিলেন,Past
ভাবাচ্ছিলেম,Past
ভাবাচ্ছিস,Present
ভাবাচ্ছে,Present
ভাবাচ্ছেন,Present
ভাবাত,Past
ভাবাতাম,Past
ভাবাতিস,Past
ভাবাতুম,Past
ভাবাতে,Past
ভাবাতেন,Past
ভাবাতেম,Past
ভাবান,Present
ভাবানো,Present
ভাবাব,Future
ভাবাবার,Present
ভাবাবি,Future
ভাবাবে,Future
ভাবাবেন,Future
ভাবাবো,Future
ভাবায়,Present
ভাবার,Present
ভাবাল,Past
ভাবালাম,Past
ভাবালি,Past
ভাবালুম,Past
ভাবালে,Past
ভাবালেন,Past
ভাবালেম,Past
ভাবাস,Present
ভাবি,Future
ভাবিও,Present
ভাবিত,Past
ভাবিতাম,Past
ভাবিতিস,Past
ভাবিতে,Past
ভাবিতেছ,Present
ভাবিতেছি,Present
ভাবিতেছিল,Past
ভাবিতেছিলাম,Past
ভাবিতেছিলি,Past
ভাবিতেছিলে,Past
ভাবিতেছিলেন,Past
ভাবিতেছিস,Present
ভাবিতেছে,Present
ভাবিতেছেন,Present
ভাবিতেন,Past
ভাবিব,Future
ভাবিবার,Present
ভাবিবি,Future
ভাবিবে,Future
ভাবিবেন,Future
ভাবিয়া,Participle
ভাবিয়াছ,Present
ভাবিয়াছি,Present
ভাবিয়াছিল,Past
ভাবিয়াছিলাম,Past
ভাবিয়াছিলি,Past
ভাবিয়াছিলে,Past
ভাবিয়াছিলেন,Past
ভাবিয়াছিস,Present
ভাবিয়াছে,Present
ভাবিয়াছেন,Present
ভাবিয়ে,Participle
ভাবিয়েছ,Present
ভাবিয়েছি,Present
ভাবিয়েছিল,Past
ভাবিয়েছিলাম,Past
ভাবিয়েছিলি,Past
ভাবিয়েছিলুম,Past
ভাবিয়েছিলে,Past
ভাবিয়েছিলেন,Past
ভাবিয়েছিলেম,Past
ভাবিয়েছিস,Present
ভাবিয়েছে,Present
ভাবিয়েছেন,Present
ভাবিয়ো,Present
ভাবিল,Past
ভাবিলাম,Past
ভাবিলি,Past
ভাবিলে,Past
ভাবিলেন,Past
ভাবিস,Present
ভাবুক,Present
ভাবুন,Present
ভাবে,Future
ভাবেন,Future
ভাবছ,Present
ভাবছি,Present
ভাবছিল,Past
ভাবছিলাম,Past
ভাবছিলি,Past
ভাবছিলুম,Past
ভাবছিলে,Past
ভাবছিলেন,Past
ভাবছিলেম,Past
ভাবছিস,Present
ভাবছে,Present
ভাবছেন,Present
ভাবত,Past
ভাবতাম,Past
ভাবতিস,Past
ভাবতুম,Past
ভাবতে,Past
ভাবতেন,Past
ভাবতেম,Past
ভাবব,Future
ভাববার,Present
ভাববি,Future
ভাববে,Future
ভাববেন,Future
ভাববো,Future
ভাবল,Past
ভাবলাম,Past
ভাবলি,Past
ভাবলুম,Past
ভাবলে,Past
ভাবলেন,Past
ভাবলেম,Past
ভোগ,Root
ভোগা,Base
ভোগাই,Present
ভোগাও,Present
ভোগাক,Present
ভোগাচ্ছ,Present
ভোগাচ্ছি,Present
ভোগাচ্ছিল,Past
ভোগাচ্ছিলাম,Past
ভোগাচ্ছিলি,Past
ভোগাচ্ছিলুম,Past
ভোগাচ্ছিলে,Past
ভোগাচ্ছিলেন,Past
ভোগাচ্ছিলেম,Past
ভোগাচ্ছিস,Present
ভোগাচ্ছে,Present
ভোগাচ্ছেন,Present
ভোগাত,Past
ভোগাতাম,Past
ভোগাতিস,Past
ভোগাতুম,Past
ভোগাতে,Past
ভোগাতেন,Past
ভোগাতেম,Past
ভোগান,Present
ভোগানো,Present
ভোগাব,Future
ভোগাবার,Present
ভোগাবি,Future
ভোগাবে,Future
ভোগাবেন,Future
ভোগাবো,Future
ভোগায়,Present
ভোগার,Present
ভোগাল,Past
ভোগালাম,Past
ভোগালি,Past
ভোগালুম,Past
ভোগালে,Past
ভোগালেন,Past
ভোগালেম,Past
ভোগাস,Present
ভোগে,Present
ভোগেন,Present
ভোগবার,Present
মর,Root
মরা,Base
মরার,Present
মরি,Present
মরিও,Present
মরিত,Past
মরিতাম,Past
মরিতিস,Past
মরিতে,Past
মরিতেছ,Present
মরিতেছি,Present
মরিতেছিল,Past
মরিতেছিলাম,Past
মরিতেছিলি,Past
মরিতেছিলে,Past
মরিতেছিলেন,Past
মরিতেছিস,Present
মরিতেছে,Present
মরিতেছেন,Present
মরিতেন,Past
মরিব,Future
মরিবার,Present
মরিবি,Future
মরিবে,Future
মরিবেন,Future
মরিয়া,Participle
মরিয়াছ,Present
মরিয়াছি,Present
মরিয়াছিল,Past
মরিয়াছিলাম,Past
মরিয়াছিলি,Past
মরিয়াছিলে,Past
মরিয়াছিলেন,Past
মরিয়াছিস,Present
মরিয়াছে,Present
মরিয়াছেন,Present
মরিয়ো,Present
মরিল,Past
মরিলাম,Past
মরিলি,Past
মরিলে,Past
মরিলেন,Past
মরিস,Present
মরুক,Present
মরুন,Present
মরে,Present
মরেছ,Present
মরেছি,Present
মরেছিল,Past
মরেছিলাম,Past
মরেছিলি,Past
মরেছিলুম,Past
মরেছিলে,Past
মরেছিলেন,Past
মরেছিলেম,Past
মরেছিস,Present
মরেছে,Present
মরেছেন,Present
মরেন,Present
মরো,Present
মরছ,Present
মরছি,Present
মরছিল,Past
মরছিলাম,Past
মরছিলি,Past
মরছিলুম,Past
মরছিলে,Past
মরছিলেন,Past
মরছিলেম,Past
মরছিস,Present
মরছে,Present
মরছেন,Present
মরত,Past
মরতাম,Past
মরতিস,Past
মরতুম,Past
মরতে,Past
মরতেন,Past
মরতেম,Past
মরব,Future
মরবার,Present
মরবি,Future
মরবে,Future
মরবেন,Future
মরবো,Future
মরল,Past
মরলাম,Past
মরলি,Past
মরলুম,Past
মরলে,Past
মরলেন,Past
মরলেম,Past
যা,Root
যাই,Present
যাইও,Present
যাইত,Past
যাইতাম,Past
যাইতিস,Past
যাইতে,Past
যাইতেছ,Present
যাইতেছি,Present
যাইতেছিল,Past
যাইতেছিলাম,Past
যাইতেছিলি,Past
যাইতেছিলে,Past
যাইতেছিলেন,Past
যাইতেছিস,Present
যাইতেছে,Present
যাইতেছেন,Present
যাইতেন,Past
যাইব,Future
যাইবার,Present
যাইবি,Future
যাইবে,Future
যাইবেন,Future
যাইয়া,Participle
যাইয়ো,Present
যাইল,Past
যাইলাম,Past
যাইলি,Past
যাইলে,Past
যাইলেন,Past
যাও,Present
যাওয়া,Base
যাক,Present
লেখ,Root
লেখা,Base
লেখাই,Present
লেখাও,Present
লেখাক,Present
লেখাচ্ছ,Present
লেখাচ্ছি,Present
লেখাচ্ছিল,Past
লেখাচ্ছিলাম,Past
লেখাচ্ছিলি,Past
লেখাচ্ছিলুম,Past
লেখাচ্ছিলে,Past
লেখাচ্ছিলেন,Past
লেখাচ্ছিলেম,Past
লেখাচ্ছিস,Present
লেখাচ্ছে,Present
লেখাচ্ছেন,Present
লেখাত,Past
লেখাতাম,Past
লেখাতিস,Past
লেখাতুম,Past
লেখাতে,Past
লেখাতেন,Past
লেখাতেম,Past
লেখান,Present
লেখানো,Present
লেখাব,Future
লেখাবার,Present
লেখাবি,Future
লেখাবে,Future
লেখাবেন,Future
লেখাবো,Future
লেখায়,Present
লেখার,Present
লেখাল,Past
লেখালাম,Past
লেখালি,Past
লেখালুম,Past
লেখালে,Past
লেখালেন,Past
লেখালেম,Past
লেখাস,Present
লেখে,Present
লেখেন,Present
লেখবার,Present
শোন,Root
শোনা,Base
শোনাই,Present
শোনাও,Present
শোনাক,Present
শোনাচ্ছ,Present
শোনাচ্ছি,Present
শোনাচ্ছিল,Past
শোনাচ্ছিলাম,Past
শোনাচ্ছিলি,Past
শোনাচ্ছিলুম,Past
শোনাচ্ছিলে,Past
শোনাচ্ছিলেন,Past
শোনাচ্ছিলেম,Past
শোনাচ্ছিস,Present
শোনাচ্ছে,Present
শোনাচ্ছেন,Present
শোনাত,Past
শোনাতাম,Past
শোনাতিস,Past
শোনাতুম,Past
শোনাতে,Past
শোনাতেন,Past
শোনাতেম,Past
শোনান,Present
শোনানো,Present
শোনাব,Future
শোনাবার,Present
শোনাবি,Future
শোনাবে,Future
শোনাবেন,Future
শোনাবো,Future
শোনায়,Present
শোনার,Present
শোনাল,Past
শোনালাম,Past
শোনালি,Past
শোনালুম,Past
শোনালে,Past
শোনালেন,Past
শোনালেম,Past
শোনাস,Present
শোনে,Present
শোনেন,Present
শোনবার,Present
হাসা,Base
হাসাই,Present
হাসাইও,Present
হাসাইত,Past
হাসাইতাম,Past
হাসাইতিস,Past
হাসাইতে,Past
হাসাইতেছ,Present
হাসাইতেছি,Present
হাসাইতেছিল,Past
হাসাইতেছিলাম,Past
হাসাইতেছিলি,Past
হাসাইতেছিলে,Past
হাসাইতেছিলেন,Past
হাসাইতেছিস,Present
হাসাইতেছে,Present
হাসাইতেছেন,Present
হাসাইতেন,Past
হাসাইব,Future
হাসাইবার,Present
হাসাইবি,Future
হাসাইবে,Future
হাসাইবেন,Future
হাসাইয়া,Participle
হাসাইয়াছ,Present
হাসাইয়াছি,Present
হাসাইয়াছিল,Past
হাসাইয়াছিলাম,Past
হাসাইয়াছিলি,Past
হাসাইয়াছিলে,Past
হাসাইয়াছিলেন,Past
হাসাইয়াছিস,Present
হাসাইয়াছে,Present
হাসাইয়াছেন,Present
হাসাইয়ো,Present
হাসাইল,Past
হাসাইলাম,Past
হাসাইলি,Past
হাসাইলে,Past
হাসাইলেন,Past
হাসাও,Present
হাসাক,Present
হাসাচ্ছ,Present
হাসাচ্ছি,Present
হাসাচ্ছিল,Past
হাসাচ্ছিলাম,Past
হাসাচ্ছিলি,Past
হাসাচ্ছিলুম,Past
হাসাচ্ছিলে,Past
হাসাচ্ছিলেন,Past
হাসাচ্ছিলেম,Past
হাসাচ্ছিস,Present
হাসাচ্ছে,Present
হাসাচ্ছেন,Present
হাসাত,Past
হাসাতাম,Past
হাসাতিস,Past
হাসাতুম,Past
হাসাতে,Past
হাসাতেন,Past
হাসাতেম,Past
হাসান,Present
হাসানো,Present
হাসাব,Future
হাসাবার,Present
হাসাবি,Future
হাসাবে,Future
হাসাবেন,Future
হাসাবো,Future
হাসায়,Present
হাসার,Present
হাসাল,Past
হাসালাম,Past
হাসালি,Past
হাসালুম,Past
হাসালে,Past
হাসালেন,Past
হাসালেম,Past
হাসাস,Present
হাসিও,Present
হাসিত,Past
হাসিতাম,Past
হাসিতিস,Past
হাসিতে,Past
হাসিতেছ,Present
হাসিতেছি,Present
হাসিতেছিল,Past
হাসিতেছিলাম,Past
হাসিতেছিলি,Past
হাসিতেছিলে,Past
হাসিতেছিলেন,Past
হাসিতেছিস,Present
হাসিতেছে,Present
হাসিতেছেন,Present
হাসিতেন,Past
হাসিব,Future
হাসিবার,Present
হাসিবি,Future
হাসিবে,Future
হাসিবেন,Future
হাসিয়া,Participle
হাসিয়াছ,Present
হাসিয়াছি,Present
হাসিয়াছিল,Past
হাসিয়াছিলাম,Past
হাসিয়াছিলি,Past
হাসিয়াছিলে,Past
হাসিয়াছিলেন,Past
হাসিয়াছিস,Present
হাসিয়াছে,Present
হাসিয়াছেন,Present
হাসিয়ে,Participle
হাসিয়েছ,Present
হাসিয়েছি,Present
হাসিয়েছিল,Past
হাসিয়েছিলাম,Past
হাসিয়েছিলি,Past
হাসিয়েছিলুম,Past
হাসিয়েছিলে,Past
হাসিয়েছিলেন,Past
হাসিয়েছিলেম,Past
হাসিয়েছিস,Present
হাসিয়েছে,Present
হাসিয়েছেন,Present
হাসিয়ো,Present
হাসিলাম,Past
হাসিলি,Past
হাসিলে,Past
হাসিলেন,Past
হাসিস,Present
হাসুক,Present
হাসুন,Present
হাসে,Present
হাসেন,Present
হাসছ,Present
হাসছি,Present
হাসছিল,Past
হাসছিলাম,Past
হাসছিলি,Past
হাসছিলুম,Past
হাসছিলে,Past
হাসছিলেন,Past
হাসছিলেম,Past
হাসছিস,Present
হাসছে,Present
হাসছেন,Present
হাসত,Past
হাসতাম,Past
হাসতিস,Past
হাসতুম,Past
হাসতে,Past
হাসতেন,Past
হাসতেম,Past
হাসব,Future
হাসবার,Present
হাসবি,Future
হাসবে,Future
হাসবেন,Future
হাসবো,Future
হাসল,Past
হাসলাম,Past
হাসলি,Past
হাসলুম,Past
হাসলে,Past
হাসলেন,Past
হাসলেম,Past
